{
    "$schema": "https://schemas.wp.org/trunk/theme.json",
    "title": "Blue River",
    "version": 2,
    "settings": {
      "color": {
        "palette": [
          {
            "slug": "ti-bg",
            "color": "#FFFFFF",
            "name": "Background"
          },
          {
            "slug": "ti-fg",
            "color": "#222222",
            "name": "Foreground"
          },
          {
            "slug": "ti-bg-alt",
            "color": "rgba(245, 245, 242, 0.7)",
            "name": "Background Alt"
          },
          {
            "slug": "ti-bg-inv",
            "color": "#232D49",
            "name": "Background Dark"
          },
          {
            "slug": "ti-fg-alt",
            "color": "#ffffff",
            "name": "Foreground Alt"
          },
          {
            "slug": "ti-accent",
            "color": "#214CCF",
            "name": "Accent"
          }
        ]
      }
    },
    "styles": {
      "typography": {
        "fontFamily": "var(--wp--preset--font-family--figtree)"
      }
    }
  }