{
    "$schema": "https://schemas.wp.org/trunk/theme.json",
    "title": "Eco-friendly",
    "version": 2,
    "settings": {
      "color": {
        "palette": [
          {
            "slug": "ti-bg",
            "color": "#FBF8F2",
            "name": "Background"
          },
          {
            "slug": "ti-fg",
            "color": "#222222",
            "name": "Foreground"
          },
          {
            "slug": "ti-bg-alt",
            "color": "rgba(255, 255, 255, 0.8)",
            "name": "Background Alt"
          },
          {
            "slug": "ti-bg-inv",
            "color": "#2E3530",
            "name": "Background Dark"
          },
          {
            "slug": "ti-fg-alt",
            "color": "#ffffff",
            "name": "Foreground Alt"
          },
          {
            "slug": "ti-accent",
            "color": "#578E67",
            "name": "Accent"
          }
        ]
      }
    },
    "styles": {
      "typography": {
        "fontFamily": "var(--wp--preset--font-family--fraunces)"
      }
    }
  }